Date,Forecast_Rate_USD_per_Tonne
2026-01-01,15.267857551574707
2026-01-02,15.38132095336914
2026-01-03,15.336066246032715
2026-01-04,15.46103286743164
2026-01-05,15.354736328125
2026-01-06,15.494393348693848
2026-01-07,15.510320663452148
2026-01-08,15.371685981750488
2026-01-09,15.465919494628906
2026-01-10,15.559294700622559
2026-01-11,15.420785903930664
2026-01-12,15.429821968078613
2026-01-13,15.334683418273926
2026-01-14,15.381553649902344
2026-01-15,15.449703216552734
2026-01-16,15.412688255310059
2026-01-17,15.504505157470703
2026-01-18,15.540547370910645
2026-01-19,15.435159683227539
2026-01-20,15.414800643920898
2026-01-21,15.411775588989258
2026-01-22,15.366950988769531
2026-01-23,15.495884895324707
2026-01-24,15.581178665161133
2026-01-25,15.506094932556152
2026-01-26,15.428711891174316
2026-01-27,15.391894340515137
2026-01-28,15.424391746520996
2026-01-29,15.425955772399902
2026-01-30,15.319090843200684
2026-01-31,15.577726364135742
2026-02-01,15.625200271606445
2026-02-02,15.441911697387695
2026-02-03,15.399434089660645
2026-02-04,15.411320686340332
2026-02-05,15.436182022094727
2026-02-06,15.453113555908203
2026-02-07,15.524067878723145
2026-02-08,15.562989234924316
2026-02-09,15.377152442932129
2026-02-10,15.394974708557129
2026-02-11,15.391687393188477
2026-02-12,15.455958366394043
2026-02-13,15.419999122619629
2026-02-14,15.52249526977539
2026-02-15,15.509321212768555
2026-02-16,15.450353622436523
2026-02-17,15.347914695739746
2026-02-18,15.357466697692871
2026-02-19,15.435404777526855
2026-02-20,15.43115520477295
2026-02-21,15.463202476501465
2026-02-22,15.48936653137207
2026-02-23,15.305828094482422
2026-02-24,15.3172607421875
2026-02-25,15.341485977172852
2026-02-26,15.331058502197266
2026-02-27,15.334352493286133
2026-02-28,15.441946029663086
2026-03-01,15.547586441040039
2026-03-02,15.442571640014648
2026-03-03,15.49000072479248
2026-03-04,15.4490966796875
2026-03-05,15.454461097717285
2026-03-06,15.438894271850586
2026-03-07,15.563894271850586
2026-03-08,15.576642036437988
2026-03-09,15.487361907958984
2026-03-10,15.395999908447266
2026-03-11,15.412424087524414
2026-03-12,15.405386924743652
2026-03-13,15.466872215270996
2026-03-14,15.544211387634277
2026-03-15,15.600428581237793
2026-03-16,15.459477424621582
2026-03-17,15.44865894317627
2026-03-18,15.386219024658203
2026-03-19,15.465184211730957
2026-03-20,15.418794631958008
2026-03-21,15.490935325622559
2026-03-22,15.525459289550781
2026-03-23,15.391929626464844
2026-03-24,15.389196395874023
2026-03-25,15.43757438659668
2026-03-26,15.392867088317871
2026-03-27,15.448994636535645
2026-03-28,15.537671089172363
2026-03-29,15.540458679199219
2026-03-30,15.437975883483887
2026-03-31,15.411796569824219
2026-04-01,15.487407684326172
2026-04-02,15.521234512329102
2026-04-03,15.494043350219727
2026-04-04,15.549428939819336
2026-04-05,15.558245658874512
2026-04-06,15.46420669555664
2026-04-07,15.432004928588867
2026-04-08,15.434234619140625
2026-04-09,15.426240921020508
2026-04-10,15.462151527404785
2026-04-11,15.53138256072998
2026-04-12,15.555985450744629
2026-04-13,15.452924728393555
2026-04-14,15.405904769897461
2026-04-15,15.475171089172363
2026-04-16,15.484241485595703
2026-04-17,15.447271347045898
2026-04-18,15.48611831665039
2026-04-19,15.486464500427246
2026-04-20,15.474109649658203
2026-04-21,15.32815170288086
2026-04-22,15.258035659790039
2026-04-23,15.274868965148926
2026-04-24,15.288471221923828
2026-04-25,15.338412284851074
2026-04-26,15.363709449768066
2026-04-27,15.412479400634766
2026-04-28,15.373978614807129
2026-04-29,15.397183418273926
2026-04-30,15.428986549377441
2026-05-01,15.426206588745117
2026-05-02,15.50452995300293
2026-05-03,15.53846263885498
2026-05-04,15.521516799926758
2026-05-05,15.385904312133789
2026-05-06,15.397394180297852
2026-05-07,15.398087501525879
2026-05-08,15.441832542419434
2026-05-09,15.432933807373047
2026-05-10,15.423667907714844
2026-05-11,15.479914665222168
2026-05-12,15.43303108215332
2026-05-13,15.414216995239258
2026-05-14,15.372797966003418
2026-05-15,15.433520317077637
2026-05-16,15.468411445617676
2026-05-17,15.470354080200195
2026-05-18,15.484519004821777
2026-05-19,15.383079528808594
2026-05-20,15.356277465820312
2026-05-21,15.336419105529785
2026-05-22,15.271833419799805
2026-05-23,15.30308723449707
2026-05-24,15.287050247192383
2026-05-25,15.264126777648926
2026-05-26,15.236546516418457
2026-05-27,15.266075134277344
2026-05-28,15.232247352600098
2026-05-29,15.202184677124023
2026-05-30,15.287056922912598
2026-05-31,15.247252464294434
2026-06-01,15.324827194213867
2026-06-02,15.237676620483398
2026-06-03,15.254843711853027
2026-06-04,15.195024490356445
2026-06-05,15.155800819396973
2026-06-06,15.180294036865234
2026-06-07,15.23353385925293
2026-06-08,15.303511619567871
2026-06-09,15.22628116607666
2026-06-10,15.192337989807129
2026-06-11,15.162120819091797
2026-06-12,15.169075965881348
2026-06-13,15.194555282592773
2026-06-14,15.20276927947998
2026-06-15,15.28211784362793
2026-06-16,15.214211463928223
2026-06-17,15.205381393432617
2026-06-18,15.119799613952637
2026-06-19,15.134870529174805
2026-06-20,15.168664932250977
2026-06-21,15.10009479522705
2026-06-22,15.128475189208984
2026-06-23,15.101588249206543
2026-06-24,15.114058494567871
2026-06-25,15.061410903930664
2026-06-26,15.052510261535645
2026-06-27,15.082201957702637
2026-06-28,14.9943265914917
2026-06-29,14.996747970581055
2026-06-30,14.915837287902832
2026-07-01,14.906494140625
2026-07-02,14.965190887451172
2026-07-03,14.95190715789795
2026-07-04,14.911941528320312
2026-07-05,14.90677261352539
2026-07-06,14.934982299804688
2026-07-07,14.88523006439209
2026-07-08,14.916104316711426
2026-07-09,14.918704986572266
2026-07-10,14.895719528198242
2026-07-11,14.923837661743164
2026-07-12,14.936347007751465
2026-07-13,14.983392715454102
2026-07-14,14.777355194091797
2026-07-15,14.769132614135742
2026-07-16,14.754149436950684
2026-07-17,14.784592628479004
2026-07-18,14.84497356414795
2026-07-19,14.823836326599121
2026-07-20,14.858951568603516
2026-07-21,14.778146743774414
2026-07-22,14.7569580078125
2026-07-23,14.726688385009766
2026-07-24,14.688469886779785
2026-07-25,14.730552673339844
2026-07-26,14.723254203796387
2026-07-27,14.826689720153809
2026-07-28,14.704202651977539
2026-07-29,14.688426971435547
2026-07-30,14.659626007080078
2026-07-31,14.683624267578125
2026-08-01,14.73277759552002
2026-08-02,14.67229175567627
2026-08-03,14.754606246948242
2026-08-04,14.662703514099121
2026-08-05,14.671476364135742
2026-08-06,14.663846969604492
2026-08-07,14.637317657470703
2026-08-08,14.650267601013184
2026-08-09,14.592246055603027
2026-08-10,14.66765022277832
2026-08-11,14.614912033081055
2026-08-12,14.596548080444336
2026-08-13,14.540454864501953
2026-08-14,14.529752731323242
2026-08-15,14.56199836730957
2026-08-16,14.538675308227539
2026-08-17,14.618274688720703
2026-08-18,14.550395011901855
2026-08-19,14.525444984436035
2026-08-20,14.517277717590332
2026-08-21,14.536511421203613
2026-08-22,14.50910758972168
2026-08-23,14.48354721069336
2026-08-24,14.456562995910645
2026-08-25,14.41816520690918
2026-08-26,14.424378395080566
2026-08-27,14.402316093444824
2026-08-28,14.369160652160645
2026-08-29,14.417150497436523
2026-08-30,14.330662727355957
2026-08-31,14.419489860534668
2026-09-01,14.511236190795898
2026-09-02,14.529383659362793
2026-09-03,14.480445861816406
2026-09-04,14.514911651611328
2026-09-05,14.487979888916016
2026-09-06,14.421366691589355
2026-09-07,14.40778636932373
2026-09-08,14.400662422180176
2026-09-09,14.320642471313477
2026-09-10,14.32313346862793
2026-09-11,14.299510955810547
2026-09-12,14.188841819763184
2026-09-13,14.284281730651855
2026-09-14,14.103008270263672
2026-09-15,14.077359199523926
2026-09-16,14.145651817321777
2026-09-17,14.066210746765137
2026-09-18,14.096151351928711
2026-09-19,14.001815795898438
2026-09-20,14.003019332885742
2026-09-21,13.956955909729004
2026-09-22,13.952962875366211
2026-09-23,13.991499900817871
2026-09-24,13.938516616821289
2026-09-25,13.961193084716797
2026-09-26,14.014782905578613
2026-09-27,13.944109916687012
2026-09-28,13.911909103393555
2026-09-29,13.940343856811523
2026-09-30,13.897001266479492
2026-10-01,14.04831314086914
2026-10-02,14.125061988830566
2026-10-03,14.135896682739258
2026-10-04,14.145585060119629
2026-10-05,13.943462371826172
2026-10-06,13.974376678466797
2026-10-07,14.01899528503418
2026-10-08,14.010818481445312
2026-10-09,13.919055938720703
2026-10-10,13.897302627563477
2026-10-11,13.873922348022461
2026-10-12,13.850162506103516
2026-10-13,13.878629684448242
2026-10-14,13.831046104431152
2026-10-15,13.788183212280273
2026-10-16,13.766063690185547
2026-10-17,13.838754653930664
2026-10-18,13.874956130981445
2026-10-19,13.825299263000488
2026-10-20,13.791072845458984
2026-10-21,13.750158309936523
2026-10-22,13.706963539123535
2026-10-23,13.779502868652344
2026-10-24,13.78091049194336
2026-10-25,13.789449691772461
2026-10-26,13.669434547424316
2026-10-27,13.73663330078125
2026-10-28,13.716704368591309
2026-10-29,13.755653381347656
2026-10-30,13.68278694152832
2026-10-31,13.780176162719727
2026-11-01,13.906450271606445
2026-11-02,13.743346214294434
2026-11-03,13.75461196899414
2026-11-04,13.771074295043945
2026-11-05,13.806347846984863
2026-11-06,13.758691787719727
2026-11-07,13.839872360229492
2026-11-08,13.875127792358398
2026-11-09,13.744222640991211
2026-11-10,13.661511421203613
2026-11-11,13.708871841430664
2026-11-12,13.706679344177246
2026-11-13,13.744251251220703
2026-11-14,13.707732200622559
2026-11-15,13.752846717834473
2026-11-16,13.670066833496094
2026-11-17,13.720023155212402
2026-11-18,13.712446212768555
2026-11-19,13.740464210510254
2026-11-20,13.712679862976074
2026-11-21,13.730132102966309
2026-11-22,13.685576438903809
2026-11-23,13.582478523254395
2026-11-24,13.551183700561523
2026-11-25,13.609375953674316
2026-11-26,13.68771743774414
2026-11-27,13.700507164001465
2026-11-28,13.739358901977539
2026-11-29,13.665995597839355
2026-11-30,13.600910186767578
2026-12-01,13.74069595336914
2026-12-02,13.830785751342773
2026-12-03,13.813496589660645
2026-12-04,13.914216041564941
2026-12-05,13.847084045410156
2026-12-06,13.788972854614258
2026-12-07,13.714584350585938
2026-12-08,13.767130851745605
2026-12-09,13.728878021240234
2026-12-10,13.709882736206055
2026-12-11,13.69533634185791
2026-12-12,13.688740730285645
2026-12-13,13.724858283996582
2026-12-14,13.64448356628418
2026-12-15,13.6322021484375
2026-12-16,13.661596298217773
2026-12-17,13.718504905700684
2026-12-18,13.691536903381348
2026-12-19,13.6948881149292
2026-12-20,13.689496040344238
2026-12-21,13.639261245727539
2026-12-22,13.620827674865723
2026-12-23,13.593009948730469
2026-12-24,13.621001243591309
2026-12-25,13.616300582885742
2026-12-26,13.694271087646484
